INSERT INTO agents (name, image)
VALUES ('Cronenberg Rick', 'cronenberg_rick.jpeg'),
       ('Doofus Rick', 'doofus_rick.jpeg'),
       ('Supernova', 'supernova.jpeg'),
       ('Annie', 'annie.jpeg'),
       ('Ants In My Eyes Johnson', 'ants_in_my_eyes_johnson.jpeg'),
       ('Shnoopy Bloopers', 'shnoopy_bloopers.jpeg'),
       ('Eli', 'eli.jpeg'),
       ('Arthricia', 'arthricia.jpeg'),
       ('Mr. Poopybutthole', 'mr_poopybutthole.jpeg'),
       ('Glexo Slim Slom', 'glexo_slim_slom.jpeg'),
       ('Slippery Stair', 'slippery_stair.jpeg'),
       ('Phoenixperson', 'phoenix_person.jpeg'),
       ('St. Gloopy Noops Nurse', 'st_gloopy_noops_nurse.jpeg'),
       ('Scary Terry', 'scary_terry.jpeg'),
       ('Jacqueline', 'jacqueline.jpeg'),
       ('Abrodolf Lincler', 'abrodolf_lincler.jpeg'),
       ('Armagheadon', 'armagheadon.jpeg'),
       ('Johnny Depp', 'johnny_depp.jpeg'),
       ('Chris', 'chris.jpeg'),
       ('Collector', 'collector.jpeg'),
       ('Cult Leader Morty', 'cult_leader_morty.jpeg'),
       ('Unity', 'unity.jpeg'),
       ('Roy''s Mom', 'roys_mom.jpeg'),
       ('Squanchy', 'squanchy.jpeg'),
       ('Shleemypants', 'shleemypants.jpeg'),
       ('Darth Poopybutthole', 'darth_poopybutthole.jpeg'),
       ('Ma-Sha', 'ma_sha.jpeg'),
       ('Hamster In Butt', 'hamster_in_butt.jpeg'),
       ('Hydrogen-F', 'hydrogen_f.jpeg'),
       ('Jerryboree Keeper', 'jerryboree_keeper.jpeg'),
       ('King Flippy Nips', 'king_flippy_nips.jpeg'),
       ('Big Boobed Waitress', 'big_boobed_waitress.jpeg'),
       ('Noob-Noob', 'noob_noob.jpeg'),
       ('Pawnshop Clerk', 'pawnshop_clerk.jpeg'),
       ('Presidentress of The Mega Gargantuans', 'presidentress.jpeg'),
       ('Revolio Clockberg Jr.', 'revolio_clockberg_jr.jpeg'),
       ('Thomas Lipkip', 'tommy.jpeg'),
       ('Stacy', 'stacy.jpeg'),
       ('Trunk Man', 'trunk_man.jpeg'),
       ('Rick Sanchez', 'rick.jpeg'),
       ('Pizza-Person', 'pizza_person.jpeg'),
       ('Phone-Person', 'phone_person.jpeg'),
       ('Greasy Grandma', 'greasy_grandma.jpeg'),
       ('Chair-Person', 'chair_person.jpeg'),
       ('Arbolian Mentirososian', 'arbolian_mentirososian.jpeg'),
       ('Alien Spa Employee', 'alien_spa_employee.jpeg'),
       ('Fascist Mr. President', 'fascist_president.jpeg'),
       ('80''s Snake', '80s_snake.jpeg'),
       ('Fascist Shrimp SS', 'fascist_shrimp_ss.jpeg'),
       ('Fascist Teddy Bear Rick', 'fascist_teddy_bear_rick.jpeg'),
       ('Wasp Jerry', 'wasp_jerry.jpeg'),
       ('Glootie', 'glootie.jpeg'),
       ('Vermigurber', 'vermigurber.jpeg'),
       ('Tony''s Wife', 'tonys_wife.jpeg'),
       ('Elon Tusk', 'elon_tusk.jpeg'),
       ('Shadow Jacker', 'shadow_jacker.jpeg'),
       ('Goomby', 'goomby.jpeg'),
       ('Shane', 'shane.jpeg'),
       ('Squeeb', 'squeeb.jpeg');

INSERT INTO locations (name, type, dimension, description, cost, alt_cost_curr, alt_cost_amt, neighborhood, agent_name)
VALUES ('Earth (C-137)', 'Planet', 'Dimension C-137', 
        'Are you a cronenberg and feel like an outcast everywhere you go?  Well, look no further than here!  Earth: Dimension C-137!  Here, by a happy accident, everyone was turned into cronenbergs by mad scientist Rick Sanchez.  Feel right at home here where you''ll be surrounded by fellow cronenbergs!  Contact the agent today to view this planet!',
        0, NULL, NULL, 'OK', 'Cronenberg Rick'),
       ('Citadel of Ricks', 'Space Station', 'Unknown', 
        'Are you a Rick or Morty trying to find your place in this crazy multiiverse?  Well, come on down to The Citadel!  Here, no Rick or Morty will be left behind.  Here, every Rick and Morty has value and a purpose.  And with the new leadership of President Morty, life is even better!  Crime is down, jobs are up, and reconstruction is in full swing.  The Citadel has never looked better!  Come make this place your home!',
        60000, NULL, NULL, 'Safe', 'Doofus Rick'),
       ('Worldender''s lair', 'Planet', 'Unknown', 
        'Do you love the idea of spending the rest of your life in a creepy, Hell-like lair?  Looking for a place full of peace and quiet?  Visit Worldender''s Lair today!  Worldender and his minions are long dead, so you have their lair all to yourself!  Contact the agent today!',
        10000, NULL, NULL, 'Safe', 'Supernova'),
       ('Anatomy Park', 'Microverse', 'Dimension C-137',
        'Have you ever wanted to live in another person''s body???  Well, now you can!  Anatomy Park, located inside young teenager, Ethan, is definitely a rival to Disneyland.  It features living, microscopic organisms as some of its attractions, as well as thrilling rides.  Make Anatomy Park your home today!  Units are being built just outside the park.  It''s an exciting time to be inside Ethan!  Contact the agent today!',
        5000, NULL, NULL, 'OK', 'Annie'),
       ('Interdimensional Cable', 'TV', 'Unknown',
        'Ever fantasize about living inside of a TV?  Well, fantasy has become reality!  Live inside the world of Interdimensional Cable today!  Travel across dimensions and say hello to your favorite Interdimensional Cable stars like Ants In My Eyes Johnson, Glenn, Gazorpazorpfield, Ball Fondlers, and many more!  Contact the agent today!',
        25000, 'Brapples', 50000, 'OK', 'Ants In My Eyes Johnson'),
       ('Immortality Field Resort', 'Resort', 'Unknown',
        'Who doesn''t wish they could live in an immortality field?  Here, at the Immortality Field Resort, they have recently put in houses, apartments, and condos on the resort grounds!  Now, you can enjoy immortality for as long as you want!  Eat as much as you want without having a heart attack, shoot your friends for real and watch them come back to life instantly, ride the Whirly Dirly!  It''s all here at the Immortality Field Resort.  Check it out and make it your home today!',
        150000, NULL, NULL, 'Safe', 'Shnoopy Bloopers'),
       ('Post-Apocalyptic Earth', 'Planet', 'Post-Apocalyptic Dimension',
        'Want to live out your Mad Max fantasies for the rest of your life?  Then move on over to the Post-Apocalyptic Dimension and make Post-Apocalyptic Earth your forever home!  Enjoy the violent shows at the Blood Dome, savor the exotic cuisine of human and mutant human BBQ''d meat in your backyard, go on violent Mad Max-like car chases through the desert wasteland... It''s all here on Post-Apocalyptic Earth!  View now!',
        25000, NULL, NULL, 'Dangerous', 'Eli'),
       ('Purge Planet', 'Planet', 'Replacement Dimension',
        'Who says The Purge is a stupid idea?  I say, look at the fine beings on Purge Planet in the Replacement Dimension.  They have a utopia there and it''s all thanks to their yearly purge night, where everyone can go and murder, rob, and commit any crime they want and not get punished for it.  They have a beautiful planet and everyone is super nice 364 days a year.  Check out Purge Planet today!',
        40000, NULL, NULL, 'OK', 'Arthricia'),
       ('Venzenulon 7', 'Planet', 'Unknown', 
        'Ahhh, Venzenulon 7.  One of the most picturesque planets in the whole multiverse.  Located in an unknown dimension, Venzenulon 7 has beautiful towering mountains, waterfalls, lakes, oceans, flying creatures, and a land mammal only known as Beebo, who is a blue-colored gentle giant that can lead you to water if you are in need.  It''s one of the dreamiest places you can call home.  View this planet now and make it your home today!',
        1000, NULL, NULL, 'Safe', 'Mr. Poopybutthole'),
       ('Nuptia 4', 'Planet', 'Unknown',
        'Nuptia 4, the multiverse''s leading couple''s counseling resort, has just recently completed construction on permanent housing on their grounds!  It''s a beautiful planet with beautiful weather year-round and the resort grounds are just amazing.  And, if you are in need of the best couple''s counseling in the multiverse, it''s only a short walk away.  Come make this place your home today!',
        70000, NULL, NULL, 'Safe', 'Glexo Slim Slom'),
       ('Giant''s Town', 'Fantasy Town', 'Fantasy Dimension',
        'Located in the Fantasy Dimension, Giant''s Town is every nerd''s dream.  You can live out your Jack and The Giant Bean Stock fantasies and live like an ant in Giant''s Town!  The Giant people of Giant''s Town are friendly enough.  Just make sure they can see you as they walk by, or else, you will get squished to death!  New tiny homes are popping up all over the place in Giant''s Town.  View them today!',
        40000, 'Schmeckles', 65000, 'OK', 'Slippery Stair'),
       ('Bird World', 'Planet', 'Unknown',
        'Come call Bird World home today!  A beautiful planet in an unknown dimension of the multiverse, Bird World is the perfect place to spend the rest of your life in peace.  A sparsely populated planet, you don''t have to worry about overpopulation, crowds, or civil unrest.  The few Bird People there are super friendly, helpful, and welcoming.  Great scenery, great Bird People, what more could you ask for?  Come make Bird World your home today!',
        35000, NULL, NULL, 'Safe', 'Phoenixperson'),
       ('St. Gloopy Noops Hospital', 'Space Station', 'Unknown', 
        'Your home... in a hospital?  YES!  Hear us out.  St. Gloopy Noops is the multiverse''s leading hospital, boasting the multiverse''s best doctors.  But their facility is huge.  Located in an unknown dimension, St. Gloopy Noops is a large space station that had room to spare.  They recently just completed construction on brand new luxury homes, apartments, and condos inside their space station.  And hey, what could be safer than living walking-distance from the best doctors in the multiverse?  Come make St. Gloopy Noops your home today!',
        65000, NULL, NULL, 'Safe', 'St. Gloopy Noops Nurse'),
       ('Mr. Goldenfold''s Dream', 'Dream', 'Dimension C-137',
        'Calling all Inception fans!  Ever DREAM (get it?) of living in a dream forever?  Well, now you can!  Mr. Goldenfold''s Dream is a great place to call home!  Live in his Mrs. Pancakes-themed top-level dream world or go down one level further to Mrs. Pancakes'' dream world in the Pleasure Chamber, or go to the very bottom level of the Pleasure Chamber''s Centaur''s dream in the realm of Scary Terry.  If he doesn''t try to kill you, he''s actually a very pleasant neighbor.  Come make Mr. Goldenfold''s Dream your home today!',
        10000, NULL, NULL, 'OK', 'Scary Terry'),
       ('Earth (Replacement Dimension)', 'Planet', 'Replacement Dimension',
        'Ahh, good ol'' Earth.  For all intents and purposes, if you''re an Earth-bound human, this is already your home.  However, there are many different Earths in many different dimensions, and this is just one of them.  Located in the dimension only known as The Replacement Dimension, this is the dimension where mad scientist Rick Sanchez nearly turned the entire human race into deformed mutants, called Cronenbergs, but saved us all at the last second.  If you''re not already living here as you''re reading this, please come visit our planet in all its wonderful normalness!  You won''t be disappointed!  Make it your home today!',
        60000, NULL, NULL, 'OK', 'Jacqueline'),
       ('Testicle Monster Dimension', 'Dimension', 'Testicle Monster Dimension',
        'Do you love the idea of spending the rest of your life in a trippy, far-out world?  Well, come to the Testicle Monster Dimension!  The only creatures that inhabit this dimension are giant testicle monsters.  They do not eat humans, but they do like to ''play'' with humans for sexual arousal, so don''t get caught by their long, creepy tenticles.  You can teleport your existing home to this oxygen-rich planet and enjoy the crazy, beautiful views for the rest of your life!  View this dimension today!',
        40000, NULL, NULL, 'OK', 'Abrodolf Lincler'),
       ('Signus 5 Expanse', 'Unknown', 'Cromulon Dimension',
        'The Signus 5 Expanse is open for settlement!  The Cromulons are opening their dimension up to outsiders in a multiverse first!  Located in the Cromulon Dimension, the Signus 5 Expanse offers breathtaking views of outer space, and of course, the giant floating heads that occupy it.  Teleport your home to this dimension or live in the newly constructed ones that have just been built.  Visit the Signus 5 Expanse today!',
        60000, NULL, NULL, 'Safe', 'Armagheadon'),
       ('Earth (C-500A)', 'Planet', 'Dimension C-500A',
        'Earth in Dimension C-500A is a normal enough planet in the multiverse, except a man who no one knows about in nearly every other dimension, is the most famous person on the planet here!  Jerry Smith has taken the planet by storm and is on TV and movie screens daily.  A couple years ago, he had a mental breakdown that ended in him reuniting with his high school sweetheart, Beth Sanchez.  It broke TV viewing records.  Two weeks after the incident, they got married, which broke TV viewing records again!  Make Earth C-500A your home today, and who knows?  Maybe you''ll suffer a mental breakdown and get reunited with your long-lost love too!',
        55000, NULL, NULL, 'OK', 'Johnny Depp'),
       ('Rick''s Battery Microverse', 'Microverse', 'Replacement Dimension',
        'Peace among worlds!  Famous mad scientist Rick Sanchez created a microverse inside his car battery, which is now opening its doors to outsiders!  For the first time since its creation, Rick''s Battery Microverse is allowing outsiders to settle down and live with them in their microverse utopia!  You will be introduced to the wonders of Gooble Box technology and use it to power your home!  Some say this is just a ploy by Rick Sanchez to increase the power in his car battery by getting people to move here.  And, to that, I say, mind your own damn business!  Make Rick''s Battery Microverse your home today!',
        45000, NULL, NULL, 'Safe', 'Chris'),
       ('The Menagerie', 'Menagerie', 'Unknown',
        'The Collector in charge of The Menagerie can give you a good life.  Here, you get to be part of his collection of beings from all over the multiverse.  He will give you a nice living quarters, he will make it just like home, or however you want it to be, and he will feed you, all at no cost to you!  Free rent??  Free food??  What more do you want??  Make The Menagerie your forever home today!  The Collector will be most pleased!',
        0, NULL, NULL, 'Safe', 'Collector'),
       ('Hideout Planet', 'Planet', 'Unknown',
        'Hideout Planet is a perfect place to... well... hide out!  Located in an unknown dimension, far out of reach of the law, Hideout Planet offers the ultimate protection from fugitives on the run.  Or, if you''re not a fugitive, it''s just a perfect place to get away from it all and live out the rest of your years in peace and quiet.  Hideout Planet offers breathtaking views and landscapes, as well as a dome-like facility that was once home to an evil robot version of mad scientist Rick Sanchez.  It is now empty and up for grabs!  Come make Hideout Planet your home today!',
        78000, NULL, NULL, 'Safe', 'Cult Leader Morty'),
       ('Unity''s Planet', 'Planet', 'Replacement Dimension',
        'What''s so good about individuality anyways???  Come make Unity''s Planet your home today and become part of a Hive Mind!  Unity has created a paradise here on her planet.  There is 0 crime, 0 wars, 0 pollution, the world economy is great, and all beings on the planet are thriving.  Instead of people on her planet being individuals, they have all been assimilated into one giant, collective intelligence that rules the planet.  Be part of this great communal experience and join the Hive Mind today!',
        50000, NULL, NULL, 'Safe', 'Unity'),
       ('Roy: A Life Well Lived', 'Game', 'Replacement Dimension',
        'Ever played Blips and Chitz''s most famous game, Roy?  Have you ever thought about spending your entire life in there?  Well, now you can!  Make the virtual reality world of Roy: A Life Well Lived your home today!  Live your entire life as Roy and take control of your life!  Do all the things you regretted not doing in your real life.  Ask that girl or boy out on a date that you were too scared to ask out, become an actor, become a rock star, smoke that joint, take that leap!  Do it all in Roy: A Life Well Lived!  And, guess what?  When you die as Roy, you get to choose whether you want to play again or quit.  So, in essence, you''re immortal!  Play again as many times as you want!  And when you''re finally ready to cross over to the other side, hit ''Quit.''  The future is now!',
        45000, 'Flurbos', 100000, 'Safe', 'Roy''s Mom'),
       ('Planet Squanch', 'Planet', 'Replacement Dimension',
        'Planet Squanch is a beautiful planet filled with intelligent cat-like beings that can talk.  In their language, ''Squanch'' is the root of nearly every word, and it can get quite confusing at times to know what ''squanch'' is referring to.  But, like learning any language, practice makes perfect!  So squanch your squanch all the way to squanch and make Planet Squanch your squanch squanch!',
        70000, NULL, NULL, 'Safe', 'Squanchy'),
       ('Interdimensional Customs', 'Customs', 'Dimension 35-C',
        'Interdimensional Customs!  May not seem like the most exciting or comfortable place to call home, but hear us out!  The Gromflomite guards who work here have always had living quarters on the premises.  After Interdimensional Customs fell on hard times, they decided to re-design their facility to include new luxury homes next to these living quarters.  They also decided to build some of these new luxury homes just outside the facility.  Since then, beings from the multiverse have flocked here!  What better location?  You will always be just a short walk away from being able to walk through a portal and be in another dimension instantly!  How cool is that?  Make Interdimensional Customs your home today!',
        83000, 'Blemflarcks', 93000, 'Safe', 'Shleemypants'),
       ('Galactic Federation Prison', 'Space Station', 'Unknown',
        'I know, I know, it''s a prison... why would I EVER wanna live here, right?  WRONG!  Of course you''d want to live here, because A) The prison has developed luxury living quarters for the guards and their families, and now, these homes are open to beings from the entire multiverse!  B) This is a maximum security prison, so you best believe you are living in one of the safest places in the multiverse.  C) If you have a friend, family member, or significant other incarcerated at this prison, you can visit them every day with ease!  Come make the Galactic Federation Prison your home today!',
        50000, 'Blemflarcks', 60000, 'Safe', 'Darth Poopybutthole'),
       ('Gazorpazorp', 'Planet', 'Unknown',
        'Are you a female looking for a safe and secure utopia to live out the rest of your life?  Are you a dumb brute male looking for a rock to sleep on and other males to fight with for the rest of your (probably short) life?  Well, lucky for both of you, we have a planet in the multiverse just for you!  Gazorpazorp is a desert wasteland planet, made that way when the male leadership of the planet bombed each other to hell.  Luckily, that wasn''t the end for the whole planet.  The females of the planet gathered together to form a utopia free from male interference and now males get to play outside in the wasteland they created.  Cool, huh?  Check out what Gazorpazorp has to offer today!',
        45000, NULL, NULL, 'Safe', 'Ma-Sha'),
       ('Hamster In Butt World', 'Planet', 'Unknown',
        'Ever wondered how the hamsters in Hamster In Butt World live inside the butts of human beings?  Well, you have the rest of your life to learn how if you make Hamster In Butt World your home!  Hamster In Butt World is one of many versions of the planet Earth and offers so much to see.  From breathtaking mountains, beaches, rivers, waterfalls, and big cities, there''s something for everyone here on Hamster In Butt World!  Make it your home today!',
        50000, NULL, NULL, 'Safe', 'Hamster In Butt'),
       ('Earth (Giant Telepathic Spiders Dimension)', 'Planet', 'Giant Telepathic Spiders Dimension',
        'Are you a human seeking an Earth with a Ball Fondlers movie franchise, a very relaxed movie rating system, and the best ice cream in the whole multiverse?  Are you a giant telepathic spider looking for a place to call home and dwell among your own kind?  Well look no further, both of you, than Earth: Giant Telepathic Spiders Dimension!  After a mysterious space car showed up and brokered a peace agreement between humans and spiders, the giant telepathic spiders of Giant Telepathic Spiders Earth no longer telepathically influence humans to wander into their webs for consumption.  Nor do humans try to bomb the spiders out of existence anymore.  Human and spider kind live side by side now and everything is perfect.  Make Earth: Giant Telepathic Spiders Dimension your home today!',
        45000, NULL, NULL, 'Safe', 'Shleemypants'),
       ('Alphabetrium', 'Planet', 'Replacement Dimension',
        'Are you a letter of the alphabet seeking a new home in the multiverse?  Well, come on down to Alphabetrium and make this place your new home!  Here, every being on the planet is a letter of the alphabet and an element of the periodic table, so you''ll fit right in!  These alphabet beings have done wonders with their planet.  It is a haven and utopia for all alphabet beings.  Make it your home today!',
        50000, NULL, NULL, 'Safe', 'Hydrogen-F'),
       ('Jerryboree', 'Daycare', 'Unknown',
        'Are you a lonely Jerry looking for a safe, fun place to call home?  Look no further than Jerryboree!  Created by a Rick, Jerryboree has everything you need as a Jerry.  There''s a playground filled with a miniature golf course and a model of the Titanic and an iceberg, you get to play with other Jerrys, Beths, Mortys, and Summers, you get to watch Midnight Run with director''s commentary on with Beth and adjust the picture settings... it''s the greatest!  Everything a Jerry needs is right here.  Come feel special, valued, and respected, here at Jerryboree!',
        30000, 'Flurbos', 85000, 'Safe', 'Jerryboree Keeper'),
       ('Pluto', 'Planet', 'Replacement Dimension',
        'Are you a regular-sized being who wants to feel like a giant Superman on another planet or are you a smaller-sized being who wants to fit in somewhere?  Well, come check out Pluto!  Plutonians have made the best out of a bad planet.  Pluto is small, super cold, and isolated, but Plutonians have not only learned to survive, they have learned how to thrive here.  They have built impressive cities with palaces by using Pluto herself as the resource.  Some nutjobs are saying that''s destroying the planet.  Don''t listen to them.  They''re just scientists with impressive degrees.  Listen to the less-educated politicians!  They know better!  Come make Pluto your home today!',
        40000, NULL, NULL, 'Safe', 'King Flippy Nips'),
       ('Fantasy World', 'Planet', 'Fantasy Dimension',
        'Are you a dork who loves stuff like dungeons and dragons and World of Warcraft?  Nerd!  But, hey, who am I to judge?  Hahaha.  Come make Fantasy World your home today!  This place has all kinds of fantasy stuff, like giants in the clouds, stair goblins, ladies with big boobs... it''s all here on Fantasy World in the Fantasy Dimension!  Come on down and make this place your home today!',
        45000, 'Schmeckles', 70000, 'Safe', 'Big Boobed Waitress'),
       ('Vindicators Base', 'Spacecraft', 'Unknown',
        'Calling all fans of the Vindicators!  The Vindicators have recently created homes on their mothership and are opening them up for rent!  That''s right, you could make the Vindicators'' Base your home!  The Vindicators have fallen on hard times, especially since all but 1 of them died tragically when trying to defeat Worldender in his lair.  So, the extra rent will help remaining lone survivor, Supernova, with the costs of vindicating.  And, who knows?  I''m sure she''s looking out for recruits as well, so put on your big boy/girl pants and she could very well ask you to join the team!  How cool would that be?  Make Vindicators Base your home today!',
        40000, NULL, NULL, 'Safe', 'Noob-Noob'),
       ('Pawn Shop Planet', 'Planet', 'Replacement Dimension',
        'Pawn Shop Planet is exactly what it sounds like.  It''s a tiny planet that consists of a parking lot on 90% of its surface and a pawn shop on the north pole part of the planet.  It is only inhabited by one being, the pawn shop clerk.  However, in a new business venture, the pawn shop clerk has built a house on the south pole of the planet and decided to rent it out to one lucky person.  That person could be you!  Come live on this tiny, secluded planet and make it your forever home today!',
        20000, 'Smidgens', 80000, 'Safe', 'Pawnshop Clerk'),
       ('Mega Gargantuan Kingdom', 'Microverse', 'Replacement Dimension',
        'Come and shrink yourself down to ant size and live among the Mega Gargantuans in Mega Gargantuan Kingdom!  Yes, that''s right, they''re actually a tiny civilization with a tiny city located in a secluded rainforest on the planet Earth, but they named themselves before learning that they were actually incredibly small.  If you ever wanted to live in a living representation of irony, this is your chance!  The Mega Gargantuans are welcoming, friendly beings and would make great neighbors.  Come visit the beautiful Mega Gargantuan Kingdom and make it your home today!',
        66000, NULL, NULL, 'Safe', 'Presidentress of The Mega Gargantuans'),
       ('Gear World', 'Planet', 'Unknown',
        'Ever wanted to live amongst beings made up of turning gears?  Well, then Gear World is the place for you!  All beings here are known as gear people and are human-like beings, except many of their internal and external organs are gears.  Many of their buildings, vehicles, and merchandise are also gear-themed.  It''s a beautiful planet with friendly inhabitants.  They''ll accept you if you''re gear or not!  Come make Gear World your home today!',
        45000, 'Flurbos', 100000, 'Safe', 'Revolio Clockberg Jr.'),
       ('Froopyland', 'Artificially Generated World', 'Replacement Dimension',
        'One of the coolest places in the multiverse!  Froopyland was created by mad scientist Rick Sanchez for his daughter.  It''s a magical place where the surface of the entire planet is bouncy, so you can never die by falling from great heights and the rainbow-colored rivers, lakes, and oceans have breathable water in them, so you can never die by drowning.  However, when one of Rick''s daughter''s friends got stuck in Froopyland, he ended up mating with some of the magical creatures there and creating these dangerous hybrid creatures which still roam the world today.  However, all planets tend to have dangerous creatures on them.  The main thing is to avoid them.  Which you can do by moving into a home here in Froopyland!  Visit today!',
        44000, NULL, NULL, 'OK', 'Thomas Lipkip'),
       ('Detoxifier', 'Machine', 'Replacement Dimension',
        'Are you a toxic being who loves being toxic?  Then living in the Detoxifier may be just what you need!  Why go around living on a world where everyone thinks you''re an asshole?  Spend the rest of your life in the Detoxifier so that you''re surrounded by other toxic beings just like you!  You can be assholes together in this toxic world for the rest of your life!  It''s perfect!  Visit today!',
        30000, NULL, NULL, 'Dangerous', 'Stacy'),
       ('Trunk World', 'Planet', 'Unknown',
        'Looking for a world to explore your sexual freedoms?  Well, come on over to Trunk World!  Here, there''s a procedure you can have done that will attach a large trunk to your face that you can talk and eat out of and have sex with male and female partners with.  Broaden your sexual horizons here on Trunk World!  Make it your forever home today!',
        56000, NULL, NULL, 'OK', 'Trunk Man'),
       ('Blips and Chitz', 'Arcade', 'Replacement Dimension',
        'Blips and Chitz is the best arcade in the whole multiverse!  And now, it''s built homes on its property!  That''s right, you can now LIVE in the coolest arcade in the whole multiverse!  Built with soundproof walls, these homes allow you to get a good night''s rest even when the arcade that never sleeps still rages on outside.  Get on over to Blips and Chitz and squirt, squeeze, spray, and play all day for the rest of your life!',
        80000, 'Flurbos', 135000, 'Safe', 'Rick Sanchez'),
       ('Snuffles'' Dream', 'Dream', 'Dimension C-137',
        'Who doesn''t love dogs?  How freakin'' adorable would it be to live in a dog''s dream?  And we''ll one-up it... how adorable would it be to live in an intelligent dog''s dream?  Well, now you can find out!  Spoiler alert, it is SO freakin'' adorable!  Live in Snuffles'' Dream for the rest of your life!  In his dream, all dogs are intelligent thanks to a robotic device that amplifies their brainwaves.  They will treat you like their favorite pet forever.  They will shower you with toys, good food, women, play time, and of course, love.  Come make Snuffles'' Dream your home today!',
        1000, NULL, NULL, 'Safe', 'Scary Terry'),
       ('Earth (Pizza Dimension)', 'Planet', 'Pizza Dimension',
        'This is a trip, especially if you come from a normal version of Earth... Earth: Pizza Dimension is a version of Earth where the dominant species evolved from pizza.  That''s right, the intelligent species on this version of Earth are pizzas with eyes, mouths, arms, and legs.  Amazing, right?  If you''re a human, be careful, because here their version of pizzas are people.  Come live as an oddity or, if you''re a pizza being, come live among your kind here on Earth: Pizza Dimension!  Visit today!',
        55000, NULL, NULL, 'OK', 'Pizza-Person'),
       ('Earth (Phone Dimension)', 'Planet', 'Phone Dimension',
        'Another trippy planet, if you''re originally from a normal version of Earth... Earth: Phone Dimension features intelligent beings who have evolved from phones.  That''s right, the dominant species on Earth: Phone Dimension are telephones.  And, get this!  All furniture in this version of Earth is in the form of pizza!  And, even better, all phones in this version of Earth are in the form of human beings!  And the intelligent phones eat furniture!  What???  I know, mind-blower, right?  Come live on this wonderfully weird planet!',
        55000, NULL, NULL, 'OK', 'Phone-Person'),
       ('Greasy Grandma World', 'Planet', 'Unknown',
        'Greasy Grandma World is a sight to behold!  It is literally nothing but a planet full of grease and grease-covered human grandmas.  Because... why not?  Come make Greasy Grandma World your home today!',
        35000, NULL, NULL, 'Safe', 'Greasy Grandma'),
       ('Earth (Chair Dimension)', 'Planet', 'Chair Dimension',
        'Yet another trippy planet if you''re a human being from a normal version of Earth.  Earth: Chair Dimension features intelligent beings that evolved from chairs and other types of furniture.  That''s right, the dominant species here are chairs!  And they sit on human beings, talk on pizzas, and eat phones!  What being would not want to live on this wonderfully weird planet??  Make Earth: Chair Dimension your home today!',
        43000, NULL, NULL, 'OK', 'Chair-Person'),
       ('Arboles Mentirosos', 'Planet', 'Unknown',
        'Arboles Mentirosos is a beautiful planet filled with friendly, welcoming, and artistic intelligent beings.  Arbolian Mentirososians have built grand cities on their planet and have gotten really into music since the Cromulons featured them on their musical reality show, ''Show Us What You Got!''  They''ve been creating new, better music ever since so that they are never disqualified if the Cromulons ever feature them on their show again.  They have some pretty groovy bands and solo artists now.  Come experience Arbolian Mentirososian culture here on Arboles Mentirosos!  Make it your forever home today!',
        65000, NULL, NULL, 'Safe', 'Arbolian Mentirososian'),
       ('Alien Day Spa', 'Spa', 'Unknown',
        'How would you like to live out the rest of your life in the best day spa in the multiverse?  Well, now you can!  The Alien Day Spa has just finished construction on luxury homes located in their facility.  Since they are in the facility, your rent includes all the features that are included at the spa!  That includes free in-home massages, pedicures, and even your very own detox machine!  Come relax for the rest of your life!  Make Alien Day Spa your forever home today!',
        200000, NULL, NULL, 'Safe', 'Alien Spa Employee'),
       ('Earth (Fascist Dimension)', 'Planet', 'Fascist Dimension',
        'No matter where you''re from in the multiverse, we all understand that fascism is BAD, right?  Okay, good.  But there are always going to be douchebags out there who don''t believe that.  For you assholes, well, there''s this planet.  If you''re looking for a place to live out your f''d up fascist utopia dreams, Earth: Fascist Dimension is your planet.  Go ahead and go there so we know where all the fascists are in the multiverse when we try to bring you guys to justice!',
        60000, NULL, NULL, 'Dangerous', 'Fascist Mr. President'),
       ('Snake Planet', 'Planet', 'Replacement Dimension',
        'Ssssss ssss sss ssssssssss sss sssssssss ssssss?  Sssss ssssssssss ssss sssssssssss!  Sssssss ssss ssssssssssssssssssssss... sssssssssss ssss ssss sssssssssssss.  Sssss sssssssssssss ssssssssssss ssssssssssss!',
        58000, NULL, NULL, 'OK', '80''s Snake'),
       ('Forbodulon Prime', 'Planet', 'Replacement Dimension',
        'Forbodulon Prime is an isolated, uninhabited planet, other than the occasional death crystal poachers.  Speaking of which, the planet is filled with an extremely valuable natural resource: death crystals!  Death crystals show you how you''re going to die.  Depending on what actions you take, it changes.  It''s very valuable for soldiers and worth millions of dollars on the black market.  Not that we''re advocating for you to go on the black market, of course.  But they sure are cool to have just for yourself!  Come make this extremely valuable planet your home today!  And just make sure you install a good security system to watch out for poachers.',
        40000, NULL, NULL, 'OK', 'Shleemypants'),
       ('Earth (Fascist Shrimp Dimension)', 'Planet', 'Fascist Shrimp Dimension',
        'Calling all fascist shrimp!  This is your planet!  Or, honestly, just any being that is fascist will be accepted here.  Although, we''ve been through this already, fascists are BAD.  BAAAAD.  But I guess the further away from human beings we get, the funnier and less serious it gets, so HA HA!  Yes, make Earth: Fascist Shrimp Dimension your home today!  You fascist pricks.',
        30000, NULL, NULL, 'Dangerous', 'Fascist Shrimp SS'),
       ('Earth (Fascist Teddy Bear Dimension)', 'Planet', 'Fascist Teddy Bear Dimension',
        'Are you a fascist teddy bear or just some other fascist prick being looking for your dream fascist utopia?  Well, look no further than Earth: Fascist Teddy Bear Dimension.  Yes, that''s right, all intelligent life on this planet evolved from teddy bears, and just happened to end up fascists.  Who would''ve known?  Don''t underestimate these little teddy bear pricks, either.  They may look adorable, but they''re downright savage to anyone who isn''t a fascist.  Fuck these guys!  Make it your home today if you want, you asshole fascist!',
        20000, NULL, NULL, 'Dangerous', 'Fascist Teddy Bear Rick'),
       ('Earth (Wasp Dimension)', 'Planet', 'Wasp Dimension',
        'Okay, we try to make all listings on this site open to any being from the multiverse, but in this case, I''d say only come here if you are a wasp being, because wasps are very aggressive towards other species.  Earth: Wasp Dimension is the place for you if you are a wasp being!  Nests are pre-built into all houses and there''s wasp food aplenty!  Come make this planet your home today (only if you''re a wasp)!',
        35000, NULL, NULL, 'Safe', 'Wasp Jerry'),
       ('Monogatron Mothership', 'Space Station', 'Replacement Dimension',
        'Do you want to develop an app?  In need of water?  You''ll fit right in here on the Monogatron Mothership!  Monogatrons are masters at creating apps that can distract entire civilizations.  And while a civilization is distracted, they steal their water!  Evil, right?  Yeah, these guys are jerks, but they have a really cool mothership that has modest homes built into it, so up to you.  Just, whatever you do, don''t become a fascist, please!',
        25000, NULL, NULL, 'OK', 'Glootie'),
       ('Gorgon Quadrant', 'Quadrant', 'Replacement Dimension',
        'Not much is known about the Gorgon Quadrant, other than it is home to an intelligent species of frogs and flies.  In one part of the Gorgon Quadrant, there is even a fly crime lord who is the boss of thousands of frog gangsters.  What a wacky place, right?  Make the Gorgon Quadrant your home today!',
        15000, NULL, NULL, 'OK', 'Vermigurber'),
       ('Midland Quasar', 'Quasar', 'Replacement Dimension',
        'The Midland Quasar was once home to the famous Robot Wars, but now it is a peaceful place that offers beautiful views of the quasar at the center of it.  There are mini space station homes being built around the quasar and you can also bring your own mini space station home or ship and start living out the rest of your life here.  Beauty and history await at Midland Quasar!  View today!',
        50000, NULL, NULL, 'Safe', 'Noob-Noob'),
       ('Globaflyn', 'Liquid', 'Replacement Dimension',
        'Globaflyn is a liquid that you can drink that will make all your dreams come true!  Drink enough of it and have a large enough supply of it, and you could live out all your wildest fantasies for the rest of your life!  That is what this listing is telling you.  We are offering you a lifetime supply of Globaflyn so that you can live any life you want to in this hallucinatory state for as long as your body will stay alive for!  Come make this Globaflyn hallucination your home today!',
        65000, NULL, NULL, 'Safe', 'Tony''s Wife'),
       ('Earth (Tusk Dimension)', 'Planet', 'Tusk Dimension',
        'Are you a being with tusks growing out of your mouth?  Well, then, you''ll fit right in on Earth: Tusk Dimension!  In this version of the planet Earth, the dominant species, human beings, all have tusks growing out of their mouths.  Other than that, though, it''s a pretty normal version of Earth.  Come see what Earth: Tusk Dimension has to offer today!',
        65000, NULL, NULL, 'OK', 'Elon Tusk'),
       ('Draygon', 'Planet', 'Magic Dimension',
        'Calling all dragon fans!  Draygon is your paradise!  Draygon is a world populated by an intelligent race of talking dragons!  Once upon a time, there was a wizard who ruled this world and controlled all the dragons.  He refused to let some dragons be sexually free, so a few of them when into hiding in underground caves on the planet.  The Slut Dragons, as they called themselves, lived in these Slut Caves for eons, until one day, three slut strangers arrived and gave them the power to turn into the All Slut Slut Phoenix Dragon Slut.  These Slut Dragons and slut strangers killed the wizard and now all dragons are free to be sluts!  If you dream of living the rest of your life as a slut too, then this is the place for you!  Come view today!',
        22000, NULL, NULL, 'OK', 'Shadow Jacker'),
       ('Story Train', 'Diegesis', 'Replacement Dimension',
        'Ever wanted to live in a real-life version of a story''s plot/narrative that you had the power to change?  Well, now, with Story Train, you can!  Make up all the zany characters you want!  Make sub plots, sub sub plots, sub sub sub plots!  If you''re moving here with someone else or a family, give them the power to change the story too!  Come live out the rest of your days on the Story Train!',
        40000, NULL, NULL, 'OK', 'Goomby'),
       ('Glorzo Asteroid', 'Asteroid', 'Replacement Dimension',
        'The Glorzo Asteroid is an asteroid full of facehugger aliens that attach themselves to larger beings and take over their bodies.  Doesn''t sound very appealing, right?  Well... yeah, I got nothing.  It''s there if you want to be taken over by a facehugger and die a horrible, explosive death when their eggs hatch from inside your body.  Or maybe YOU''RE a facehugger looking for a planet to fit into.  If so, Glorzo is your place!  Come view today!',
        0, NULL, NULL, 'Dangerous', 'Shane'),
       ('Alien Acid Plant', 'Acid Plant', 'Replacement Dimension',
        'The Alien Acid Plant is now renting out some humble, makeshift homes built inside their facility!  Enjoy quiet nights, other than the occasional secretive crime deal going down.  Sometimes they end in gunfire, but not that much.  If you need a job, the Alien Acid Plant boss says residents will be given first dibs on a job at the plant.  Cheap houses, quiet nights, a guaranteed job?  What more could you want?  Visit the Alien Acid Plant today!',
        25000, NULL, NULL, 'OK', 'Shleemypants'),
       ('NX-5 Planet Remover', 'Death Star', 'Replacement Dimension',
        'The NX-5 Planet Remover, sponsored by Wrangler Jeans, is an amazing piece of machinery.  And now, it could be your home!  That''s right, the Gromflomites who own this Death Star, are now renting out homes and rooms onboard the massive ship.  Enjoy comfort, safety, and the power to destroy an entire planet aboard the NX-5 Planet Remover, sponsored by Wrangler Jeans.  Come view today!',
        50000, 'Blemflarcks', 60000, 'Safe', 'Shleemypants'),
       ('Gaia', 'Planet', 'Replacement Dimension',
        'Gaia is a beautiful, sentient planet that is aware of its existence and the beings living on her.  And, yes, she is a female planet.  She was impregnated by a cloud god named Reggie, which resulted in her giving birth to a strange race of clay people, who now populate her.  The clay people are a nice enough civilization and are very easily influenced, so be the first to settle here, so you can influence them to do your laundry and mow your lawn and stuff!  View Gaia today!',
        36000, NULL, NULL, 'Safe', 'Squeeb'),
       ('Dwarf Terrace-9', 'Planet', 'Replacement Dimension',
        'Dwarf Terrace-9 is a fascinating planet.  If you have ever been to Earth, it is basically just a really scaled-down version of that planet.  Dwarf Terrace-9 is so small, that you can walk around the entire planet in about 2 minutes, yet it still has enough gravity to keep you glued to its surface.  And it''s not just an asteroid either, it is a full-blown planet with an atmosphere and weather.  It is truly mind-boggling, but it''s an awesome place to call home!  It is outside of the Galactic Federation''s jurisdiction, so it''s a great place just to lay low or avoid having to pay taxes or just live on a planet that has no laws.  Make Dwarf Terrace-9 your home today!',
        0, NULL, NULL, 'Safe', 'Shleemypants'),
       ('On A Cob Planet', 'Planet', 'Replacement Dimension',
        'Everyone likes corn on the cob, right?  Well, just imagine, if there existed a world where, not only corn was on a cob, but EVERYTHING was on a cob.  Well, such a place exists, and it''s simply called On A Cob Planet.  On this planet, everything, from mountains, to flowers, to rocks, to strawberries, to birds and ants, are on a cob.  In fact, the entire planet is on a cob!  This planet has to be seen to be believed.  Come visit today and make On A Cob Planet your home today!',
        0, NULL, NULL, 'Safe', 'Shleemypants'),
       ('Screaming Sun Planet', 'Planet', 'Replacement Dimension',
        'Screaming Sun Planet is a beautiful world with bountiful natural resources that you can survive off of with no need for money.  There are currently no residents on Screaming Sun Planet, so the entire planet is yours if you choose to move there!  One thing we do have to let you know, though... the sun on this planet screams at the top of its lungs all day.  And the days on this planet last for 42 hours.  So, that''s something to consider.  But other than that, it''s a perfect planet!  Come make Screaming Sun Planet your home today!',
        0, NULL, NULL, 'Safe', 'Shleemypants'),
       ('Buttworld', 'Dimension', 'Buttworld Dimension',
        'How would you like to be surrounded by big butts for the rest of your life?  Sounds too good to be true?  Well, it ain''t!  Not here on Buttworld!  Buttworld is a dimension that is full of huge 10 ft. high, 10 ft. wide, farting butts that are sticking out of the ground.  Each butt is different.  Some are shaved, some are hairy, some are saggy, some are toned, some are flat, and some of them are perfect.  There are also trees that grow out of the ground whose branches have toilet paper on them.  There are also giant toilet plungers that grow out of the ground as well.  And, speaking of the ground, the ground is made up of a mixture of feces and dirt.  If you are a feces eater or just someone who likes big butts, this dimension is for you!  Come visit Buttworld and make it your home today!',
        0, NULL, NULL, 'Safe', 'Shleemypants'),
       ('Doopidoo Dimension', 'Dimension', 'Doopidoo Dimension',
        'The Doopidoo Dimension is a beautiful, colorful dimension, occupied by gentle, bird-like creatures with bowl cuts that just say ''Doopidoo'' nonstop for their entire lives.  It can get quite annoying to some, but if you''re willing to put up with that, it''s definitely the dimension to be!  It has beautiful scenery, it is not occupied by any intelligent beings, and as a result of that, it costs nothing to live here, other than the cost of any equipment you need to survive off of nature.  Come make the Doopidoo Dimension your home today!',
        0, NULL, NULL, 'Safe', 'Shleemypants'),
       ('Dimension 35-C', 'Dimension', 'Dimension 35-C',
        'Dimension 35-C is so freakin'' crazy, in all the coolest and best ways!  Nature is quite bizarre here.  There are plants and rocks that have eyes that blink, there are creatures that just absolutely make no sense at all, like a winged, flying butt, a blob of human body parts, and a creepy, giant, spider-like creature.  It is one of the weirdest, trippiest, dimensions in the entire multiverse, and you could call it home today!',
        37000, 'Blemflarcks', 47000, 'OK', 'Shleemypants');

INSERT INTO location_images (name, location_name)
VALUES ('earth_c_137.jpeg', 'Earth (C-137)'),
       ('earth_c_137_family.png', 'Earth (C-137)'),
       ('citadel_of_ricks.png', 'Citadel of Ricks'),
       ('citadel_of_ricks_ricks.png', 'Citadel of Ricks'),
       ('citadel_of_ricks_ricks_and_mortys.jpeg', 'Citadel of Ricks'),
       ('citadel_of_ricks_president_morty.png', 'Citadel of Ricks'),
       ('citadel_of_ricks_morty_takeover.jpeg', 'Citadel of Ricks'),
       ('worldenders_lair.png', 'Worldender''s lair'),
       ('worldenders_lair_worldender_dead.jpeg', 'Worldender''s lair'),
       ('Anatomy_Park.png', 'Anatomy Park'),
       ('Anatomy_Park_spleen_mountain.jpeg', 'Anatomy Park'),
       ('Anatomy_Park_river.jpeg', 'Anatomy Park'),
       ('Anatomy_Park_pirates_of_the_pancreas.jpeg', 'Anatomy Park'),
       ('Anatomy_Park_its_a_small_small_intestine.jpeg', 'Anatomy Park'),
       ('Anatomy_Park_food_court.png', 'Anatomy Park'),
       ('Anatomy_Park_bladder_falls.png', 'Anatomy Park'),
       ('interdimensional_cable_ants_in_my_eyes_johnson.png', 'Interdimensional Cable'),
       ('interdimensional_cable_ball_fondlers.png', 'Interdimensional Cable'),
       ('interdimensional_cable_corn_people.png', 'Interdimensional Cable'),
       ('interdimensional_cable_gazorpazorpfield.jpeg', 'Interdimensional Cable'),
       ('interdimensional_cable_glenn.jpeg', 'Interdimensional Cable'),
       ('interdimensional_cable_jan_michael_vincents.jpg', 'Interdimensional Cable'),
       ('interdimensional_cable_lil_bits.png', 'Interdimensional Cable'),
       ('interdimensional_cable_opposite_got.jpeg', 'Interdimensional Cable'),
       ('interdimensional_cable_real_fake_doors.jpeg', 'Interdimensional Cable'),
       ('interdimensional_cable_stealy.jpeg', 'Interdimensional Cable'),
       ('interdimensional_cable_Strawberry_Smiggles.jpeg', 'Interdimensional Cable'),
       ('interdimensional_cable_two_brothers.png', 'Interdimensional Cable'),
       ('interdimensional_cable_unmuscular_michaels.png', 'Interdimensional Cable'),
       ('immortality_field_resort.png', 'Immortality Field Resort'),
       ('immortality_field_resort_fat_guy.jpeg', 'Immortality Field Resort'),
       ('immortality_field_resort_rick_and_jerry.jpeg', 'Immortality Field Resort'),
       ('immortality_field_resort_rick_dead.jpeg', 'Immortality Field Resort'),
       ('immortality_field_resort_ricks_friend.jpeg', 'Immortality Field Resort'),
       ('immortality_field_resort_riding_whirly_dirly.jpg', 'Immortality Field Resort'),
       ('immortality_field_resort_whirly_dirly.jpeg', 'Immortality Field Resort'),
       ('post_apocalyptic_earth_car_chase.png', 'Post-Apocalyptic Earth'),
       ('post_apocalyptic_earth.png', 'Post-Apocalyptic Earth'),
       ('post_apocalyptic_earth_mutants.png', 'Post-Apocalyptic Earth'),
       ('post_apocalyptic_earth_house.png', 'Post-Apocalyptic Earth'),
       ('post_apocalyptic_earth_convoy.jpeg', 'Post-Apocalyptic Earth'),
       ('post_apocalyptic_earth_blood_dome.jpeg', 'Post-Apocalyptic Earth'),
       ('post_apocalyptic_earth_bbq.jpeg', 'Post-Apocalyptic Earth'),
       ('purge_planet.jpg', 'Purge Planet'),
       ('purge_planet_store_owner.jpeg', 'Purge Planet'),
       ('purge_planet_peaceful_person.jpeg', 'Purge Planet'),
       ('purge_planet_morty_purging.png', 'Purge Planet'),
       ('purge_planet_aftermath.jpeg', 'Purge Planet'),
       ('venzenulon_7.png', 'Venzenulon 7'),
       ('venzenulon_7_beebo.png', 'Venzenulon 7'),
       ('nuptia_4.png', 'Nuptia 4'),
       ('nuptia_4_mythologs.jpeg', 'Nuptia 4'),
       ('nuptia_4_grounds.png', 'Nuptia 4'),
       ('nuptia_4_greeting.jpeg', 'Nuptia 4'),
       ('giants_town.png', 'Giant''s Town'),
       ('giants_town_dale.png', 'Giant''s Town'),
       ('bird_world.png', 'Bird World'),
       ('bird_world_bird_persons_house.jpeg', 'Bird World'),
       ('bird_world_bird_persons_house_3.jpeg', 'Bird World'),
       ('bird_world_bird_persons_house_2.jpeg', 'Bird World'),
       ('bird_world_bird_person.png', 'Bird World'),
       ('st_gloopy_noops.png', 'St. Gloopy Noops Hospital'),
       ('st_gloopy_noops_waiting_room.png', 'St. Gloopy Noops Hospital'),
       ('st_gloopy_noops_surgery.png', 'St. Gloopy Noops Hospital'),
       ('st_gloopy_noops_press_conference.png', 'St. Gloopy Noops Hospital'),
       ('st_gloopy_noops_just_masturbating.png', 'St. Gloopy Noops Hospital'),
       ('st_gloopy_noops_facility.jpeg', 'St. Gloopy Noops Hospital'),
       ('mr_goldenfolds_dream.png', 'Mr. Goldenfold''s Dream'),
       ('mr_goldenfolds_dream_shot_at.jpeg', 'Mr. Goldenfold''s Dream'),
       ('mr_goldenfolds_dream_sex_dungeon.jpeg', 'Mr. Goldenfold''s Dream'),
       ('mr_goldenfolds_dream_scary_terry.jpeg', 'Mr. Goldenfold''s Dream'),
       ('mr_goldenfolds_dream_mrs_pancake_hostage.jpeg', 'Mr. Goldenfold''s Dream'),
       ('earth.png', 'Earth (Replacement Dimension)'),
       ('earth_smith_house.jpeg', 'Earth (Replacement Dimension)'),
       ('earth_genetic_epidemic_averted.png', 'Earth (Replacement Dimension)'),
       ('testicle_monster_dimension.jpeg', 'Testicle Monster Dimension'),
       ('testicle_monster_dimension_rick.jpeg', 'Testicle Monster Dimension'),
       ('testicle_monster_dimension_monster.png', 'Testicle Monster Dimension'),
       ('Cromulon_Dimension.png', 'Signus 5 Expanse'),
       ('Cromulon_Dimension_happy_heads.jpg', 'Signus 5 Expanse'),
       ('Cromulon_Dimension_angry_heads.jpeg', 'Signus 5 Expanse'),
       ('earth_c500a_johnny_depp.jpeg', 'Earth (C-500A)'),
       ('earth_c500a_jerry.png', 'Earth (C-500A)'),
       ('earth_c500a_famous_jerry.jpeg', 'Earth (C-500A)'),
       ('earth_c500a_beth.png', 'Earth (C-500A)'),
       ('ricks_microverse.png', 'Rick''s Battery Microverse'),
       ('ricks_microverse_slaves.jpeg', 'Rick''s Battery Microverse'),
       ('ricks_microverse_peace.jpeg', 'Rick''s Battery Microverse'),
       ('menagerie.png', 'The Menagerie'),
       ('menagerie_interior.png', 'The Menagerie'),
       ('hideout_planet.png', 'Hideout Planet'),
       ('hideout_planet_surface.jpeg', 'Hideout Planet'),
       ('unitys_planet.png', 'Unity''s Planet'),
       ('unitys_planet_people.png', 'Unity''s Planet'),
       ('roy.png', 'Roy: A Life Well Lived'),
       ('roy_school.jpeg', 'Roy: A Life Well Lived'),
       ('roy_football.jpeg', 'Roy: A Life Well Lived'),
       ('roy_family.png', 'Roy: A Life Well Lived'),
       ('roy_carpet_store.jpeg', 'Roy: A Life Well Lived'),
       ('roy_cancer.png', 'Roy: A Life Well Lived'),
       ('planet_squanch.jpeg', 'Planet Squanch'),
       ('planet_squanch_wedding.png', 'Planet Squanch'),
       ('planet_squanch_squanchy.jpeg', 'Planet Squanch'),
       ('planet_squanch_beach.jpeg', 'Planet Squanch'),
       ('interdimensional_customs.jpeg', 'Interdimensional Customs'),
       ('interdimensional_customs_portal.jpeg', 'Interdimensional Customs'),
       ('galactic_federation_prison.png', 'Galactic Federation Prison'),
       ('galactic_federation_prison_robot.jpeg', 'Galactic Federation Prison'),
       ('galactic_federation_prison_rick.jpeg', 'Galactic Federation Prison'),
       ('gazorpazorp_males.jpeg', 'Gazorpazorp'),
       ('gazorpazorp_ricks_tent.jpeg', 'Gazorpazorp'),
       ('gazorpazorp.jpg', 'Gazorpazorp'),
       ('hamster_in_butt_world_diagram.png', 'Hamster In Butt World'),
       ('hamster_in_butt_world_family_pic.jpeg', 'Hamster In Butt World'),
       ('hamster_in_butt_world_iwo_jima.jpeg', 'Hamster In Butt World'),
       ('hamster_in_butt_world.jpeg', 'Hamster In Butt World'),
       ('earth_telepathic_spiders.png', 'Earth (Giant Telepathic Spiders Dimension)'),
       ('earth_telepathic_spiders_egan.jpeg', 'Earth (Giant Telepathic Spiders Dimension)'),
       ('alphabetrium.png', 'Alphabetrium'),
       ('alphabetrium_palace.jpeg', 'Alphabetrium'),
       ('jerryboree_playground.png', 'Jerryboree'),
       ('jerryboree.png', 'Jerryboree'),
       ('jerryboree_midnight_run.jpeg', 'Jerryboree'),
       ('jerryboree_ball_pen.jpeg', 'Jerryboree'),
       ('jerryboree_abandoned_jerries.png', 'Jerryboree'),
       ('pluto.png', 'Pluto'),
       ('pluto_underground.jpeg', 'Pluto'),
       ('pluto_plutonians.jpeg', 'Pluto'),
       ('pluto_palace.jpeg', 'Pluto'),
       ('pluto_flippy_nips.png', 'Pluto'),
       ('pluto_ceremony.jpeg', 'Pluto'),
       ('fantasy_world.jpeg', 'Fantasy World'),
       ('fantasy_world_thirsty_step.png', 'Fantasy World'),
       ('fantasy_world_stair_goblins.png', 'Fantasy World'),
       ('fantasy_world_slippery_stair.jpeg', 'Fantasy World'),
       ('fantasy_world_bar.jpeg', 'Fantasy World'),
       ('vindicators_base.jpeg', 'Vindicators Base'),
       ('vindicators_base_table.png', 'Vindicators Base'),
       ('vindicators_base_room.jpeg', 'Vindicators Base'),
       ('Pawn_Shop_Planet.png', 'Pawn Shop Planet'),
       ('Pawn_Shop_Planet_sex_robot.jpeg', 'Pawn Shop Planet'),
       ('mega_gargantuan_kingdom.png', 'Mega Gargantuan Kingdom'),
       ('mega_gargantuan_kingdom_presidentress.png', 'Mega Gargantuan Kingdom'),
       ('mega_gargantuan_kingdom_flying_in.png', 'Mega Gargantuan Kingdom'),
       ('gear_world.png', 'Gear World'),
       ('gear_world_market.jpeg', 'Gear World'),
       ('Froopyland.png', 'Froopyland'),
       ('Froopyland_tommy.jpeg', 'Froopyland'),
       ('Froopyland_beth.jpg', 'Froopyland'),
       ('detoxifier.jpg', 'Detoxifier'),
       ('trunk_world.jpeg', 'Trunk World'),
       ('trunk_world_sad_trunk_person.jpeg', 'Trunk World'),
       ('blips_and_chitz.png', 'Blips and Chitz'),
       ('blips_and_chitz_roy.jpeg', 'Blips and Chitz'),
       ('snuffles_dream.jpeg', 'Snuffles'' Dream'),
       ('snuffles_dream_my_morty.jpeg', 'Snuffles'' Dream'),
       ('Pizza_Dimension.png', 'Earth (Pizza Dimension)'),
       ('phone_dimension.png', 'Earth (Phone Dimension)'),
       ('Greasy_Grandma_World.jpeg', 'Greasy Grandma World'),
       ('chair_dimension.png', 'Earth (Chair Dimension)'),
       ('chair_dimension_restaurant.png', 'Earth (Chair Dimension)'),
       ('chair_dimension_homeless_chair.jpeg', 'Earth (Chair Dimension)'),
       ('chair_dimension_bus.png', 'Earth (Chair Dimension)'),
       ('arboles_mentirosos.png', 'Arboles Mentirosos'),
       ('arboles_mentirosos_band.png', 'Arboles Mentirosos'),
       ('alien_day_spa.png', 'Alien Day Spa'),
       ('alien_day_spa_detoxifier.jpeg', 'Alien Day Spa'),
       ('alien_day_spa_detoxed.png', 'Alien Day Spa'),
       ('earth_fascist.png', 'Earth (Fascist Dimension)'),
       ('earth_fascist_meeseeks.jpeg', 'Earth (Fascist Dimension)'),
       ('Snake_Planet.png', 'Snake Planet'),
       ('Snake_Planet_reporters.jpeg', 'Snake Planet'),
       ('Snake_Planet_press_conference.png', 'Snake Planet'),
       ('Snake_Planet_news.jpeg', 'Snake Planet'),
       ('Snake_Planet_general.jpeg', 'Snake Planet'),
       ('forbodulon_prime.png', 'Forbodulon Prime'),
       ('forbodulon_prime_death_crystals.jpeg', 'Forbodulon Prime'),
       ('forbodulon_prime_crystal_poachers.png', 'Forbodulon Prime'),
       ('earth_fascist_shrimp_killing_rick.png', 'Earth (Fascist Shrimp Dimension)'),
       ('earth_fascist_shrimp.png', 'Earth (Fascist Shrimp Dimension)'),
       ('earth_fascist_teddy_bear.png', 'Earth (Fascist Teddy Bear Dimension)'),
       ('earth_fascist_teddy_bear_ricks_lair.png', 'Earth (Fascist Teddy Bear Dimension)'),
       ('earth_wasp_smith_family.png', 'Earth (Wasp Dimension)'),
       ('earth_wasp.png', 'Earth (Wasp Dimension)'),
       ('monogatron_mothership.png', 'Monogatron Mothership'),
       ('monogatron_mothership_soldiers.png', 'Monogatron Mothership'),
       ('gorgon_quadrant.png', 'Gorgon Quadrant'),
       ('gorgon_quadrant_hey_ribbit.png', 'Gorgon Quadrant'),
       ('gorgon_quadrant_fly_boss.png', 'Gorgon Quadrant'),
       ('midland_quasar.png', 'Midland Quasar'),
       ('midland_quasar_robot_wars_robots.png', 'Midland Quasar'),
       ('midland_quasar_robot_wars_lizards.png', 'Midland Quasar'),
       ('globaflyn_jerry.jpeg', 'Globaflyn'),
       ('globaflyn_toilet_heaven.png', 'Globaflyn'),
       ('globaflyn_mountain_sweat.png', 'Globaflyn'),
       ('earth_tusk.png', 'Earth (Tusk Dimension)'),
       ('earth_tusk_tuskla.jpeg', 'Earth (Tusk Dimension)'),
       ('draygon.png', 'Draygon'),
       ('draygon_wooly_mammoth.jpeg', 'Draygon'),
       ('draygon_slut_dragons.jpeg', 'Draygon'),
       ('draygon_phoenix_dragon.png', 'Draygon'),
       ('story_train.png', 'Story Train'),
       ('story_train_tough_bar.jpg', 'Story Train'),
       ('story_train_morty_as_girl.jpg', 'Story Train'),
       ('story_train_control_room.png', 'Story Train'),
       ('story_train_bar.jpeg', 'Story Train'),
       ('glorzo.png', 'Glorzo Asteroid'),
       ('glorzo_planet_surface.jpeg', 'Glorzo Asteroid'),
       ('glorzo_many_glorzos.jpeg', 'Glorzo Asteroid'),
       ('alien_acid_plant.jpeg', 'Alien Acid Plant'),
       ('alien_acid_plant_gangsters.png', 'Alien Acid Plant'),
       ('nx_5.jpeg', 'NX-5 Planet Remover'),
       ('nx_5_fight_chamber.jpeg', 'NX-5 Planet Remover'),
       ('gaia.png', 'Gaia'),
       ('gaia_zeus_cloud.jpeg', 'Gaia'),
       ('gaia_surface.png', 'Gaia'),
       ('dwarf_terrace_9_ship_and_house.png', 'Dwarf Terrace-9'),
       ('dwarf_terrace_9_south_pole.png', 'Dwarf Terrace-9'),
       ('dwarf_terrace_9_core.png', 'Dwarf Terrace-9'),
       ('dwarf_terrace_9_all_terrains.png', 'Dwarf Terrace-9'),
       ('cob_planet_mountains.png', 'On A Cob Planet'),
       ('cob_planet_ants.png', 'On A Cob Planet'),
       ('cob_planet_rick_inspects.jpeg', 'On A Cob Planet'),
       ('cob_planet_strawberries_and_flowers.jpeg', 'On A Cob Planet'),
       ('screaming_sun_planet.jpeg', 'Screaming Sun Planet'),
       ('buttworld.jpeg', 'Buttworld'),
       ('Doopidoo_Dimension.jpeg', 'Doopidoo Dimension'),
       ('dimension_35C.png', 'Dimension 35-C'),
       ('dimension_35C_seeds.jpeg', 'Dimension 35-C'),
       ('dimension_35C_scary_monster.jpeg', 'Dimension 35-C'),
       ('dimension_35C_exploring.jpeg', 'Dimension 35-C'),
       ('dimension_35C_body_parts_blob.png', 'Dimension 35-C');

INSERT INTO users (username)
VALUES ('rocker_morty'),
       ('greasy_rick');

INSERT INTO reviews (text, user_username, location_name)
VALUES ('President Morty is the best, bro!  He personally greeted me on my visit to the Citadel and offered me a good-paying job if I moved there!  Totally doing it now!',
        'rocker_morty', 'Citadel of Ricks'),
       ('Well, President Morty might not be my flask of liquor, but damn it I''m impressed by this place.  It''s really been cleaned up.  I''m seriously thinking of moving here now.',
        'greasy_rick', 'Citadel of Ricks');